index	label	text
0	1	GTTGTTGTTGATGTTGCTGTAGGTACTTGCATGATTGACTT
1	1	GAATTGAGGTGAGACAATTGAGGCTGCGTTGCCTCTGCGCC
2	1	GAGTGAGAACACCTTCGCCAAGGCACTTCCAAGATCAAGAC
3	1	AAAATTCTAAATCTAAATAAAGTAATAATTACGAACTTTTT
4	1	TTATTACTTTATTTAGATTTAGAATTTTGAATATTCTATAT
5	1	GATTCGTTGGTCAACTCTTGAGTTGAATAAACTAATATACG
6	1	ATGATATTAACAAAAACATTATAGATGATATTAACAAAATA
7	1	GTTTAGAAAGTAATTCCCTAAGTTTCAATTTTTGAAAGATA
8	1	TTTTTCTACATATGTTTAGAAAGTAATTCCCTAAGTTTCAA
9	1	TGACCAAAAATTGGAAATTGATACGGTAAGGAACTATAGAA
10	1	GTTACAAATAATCCAGCCAAAGTAATAGGAATTAGACCCAA
11	1	ACCACGTTTGTATTGTAAATATGCAGTTACAAATAATCCAG
12	1	GCGAATTAAAGGAAGTAGGAAGTCAATCCAAAAAGGGATGT
13	1	CATTTCTTCTTTTTGGTCTCATATAACATATAATTATATTA
14	1	TCACAAAAAAAAAAAAAAAAAAAAAAAGGGGAAGGGATTAG
15	1	TTTTTGTGAATATACGTTAGAAAAACAAAAAGGGGATTAGA
16	1	TTCTAACGTATATTAAAAAAAAAAAAAAAAAGGGAAAGGGA
17	1	TAATGATTTCTAACTATATTACTCGATTTAGAATTTTAAAT
18	1	TCTTTCATAATTCGATTTCGAGTTACCTATTTTTTTTTGTT
19	1	ATCCGAAACGAGGAAGAAGAAAGGAACAAAAAAAAATAGGT
20	1	TCGAAATCGTGTTAATAAGGAATCTGGTATATTACTCAAAA
21	1	GTTTAATTAGTCGATTTATTAGCGAACAAGGAAAAATATTA
22	1	TCTTCGATGTAAGTAAGGTAAGGTAAAAAAAGTGAATTCCA
23	1	GTATTTTTATAGTATTTTTGAACTTCTACAAAAGGAAGGAT
24	1	CCGAGAGAATCCCCTAAAAAAGGGGTCTATAGCATAGTTTT
25	1	TGGACTAATCGGAAGGGTACAGGCCGTAAATCCAGCGTGGG
26	1	GTTTTGATCCTTTTGTTCCGAGAGGAATAGCTTCTCATCAT
27	1	ATAGACCTGCCAATATACCTAAGGTCCCTGTTGCAATATGA
28	1	AGGCTCAATGGACAACGGGGATGGAATAACTGTTGGGTGGT
29	1	GTTGTTTTGGTTGACGGGGCATGAATTGTTAGAGCCGATGT
30	1	AGTTCGCCGCCATAAAACTCAGCAGTTACACCTACTTGTTT
31	1	TATGGCGGCGAACTGAATGGAGTTAGTTACAGTGACCCTAC
32	1	TAATCCAAAAATTTCACCCAATTGAGCACATCTAGCATATT
33	1	AAAAACACCATCGGATTTCAAAGTAGCACGGTCTAATCCAA
34	1	AGCAAAAACATCTCTAAAAAAGGTTCTAGCACCATGCCAAA
35	1	TCAAATAAAATAAAAACGAAAAGTAATAAAGCAATATTATA
36	1	TAGGCGGTTCGCGAGAAAAGATAGCGAAAAAAATTATTCCT
37	1	AATGGATCTCTTAGTTGTTGAGAGGGTTGCCCAAACGCAGT
38	1	AAACGCAGTATATAAGGCATACCCAGTAAAACTTACAAGTA
39	1	AGTCCGACCCTTCTTGGGAGAGGCAGCTGTTAATGTAGTCT
40	1	AGCTCATGGAGTTGCTGTTAACCCAACAAAAATCCAAGCCA
41	1	CATTTTTGATTGTTAATACCATATAGCGACGGCCAGATATT
42	1	GGAGCTACATCGACTGGAAGAGGCCGCTTCGGGGACGAAAT
43	1	TGCAGCCAAAGCCAACAAACATCGAACAGTAATGATTTTGG
44	1	GCTTGCGCAACAGCCTTCACAAGTACTAGTTACAAGCCTTT
45	1	CTTGCCGTCGTCGCCGATCTAGGTGTCGGTTTTGAGGAAGT
46	1	TCTAATACACTTAGCAGACGAGGCAGTAATTGCAGGACCTG
47	1	AGAACCACTCAGGGCGGTGCAGATGGCACCGCTAGTCTTGC
48	1	AATGCAGTCATTGCTTTCTGAAGTACCAGCAGCACTACCTC
49	1	ATGTTTGGTCTAGGACGTGTAGGCAGTAGGCAATAGTCATG
50	1	AGGATATGTGTTCACAAAACAGGCCGCGGATTGTTTTTTTG
51	1	GCGGCGAGTCAATTCTTCAGAGGCAGCCAAGGGAGCAACCA
52	1	GGTAGCTTCGAGAACAACACAGGTACCAATCCGCCCACCAG
53	1	GCCACTGAGAAAGGCACCACAGGCAGCAGTTTAGCTTTGAA
54	1	TGTACAGGGCCTATGCGCTGAGGCAGGCACAGGGGTGCTCA
55	1	ACCCCCAAACCACACCGATGAGGCCGGAGGCCAGCGCAGGT
56	1	GATACGGGTTGAGAAGGGGGAGTTAGCAAAGTTAGACAAGA
57	1	TAAAGGAGATTCGGGAAAAGATGGAATAGGAAGACGTGTTT
58	1	GCGGCTCACGGAATTTAAACATATAGCTCGCCCTTATAGCT
59	1	TGTATATACTTTCTAGATTAAGGCAAATTCTGCGCTCCACG
60	1	TGATCAAGCATTCCGCAAAGAGGTAGTAGCATTGGGGGTGA
61	1	CAAATCAACTTGACTGAGAGAGTCCGTTATAACTTCTCGGT
62	1	ATGCGGAGCTCAAGAAAACAAGAAAAAAAGTGAATAGAAAA
63	1	GTCGCTGGGCTAGGGCATCCAGTTGACAGCGAGGTTTCTAC
64	1	CCAGGTTGAGCTGCAGGGCCAGGCTCCAATAAAGGGCCTCC
65	1	ATCGGGAATCCGCTTGGAAAATGCAGGAGGAGGTGGAGGCC
66	1	AAGGATCCTTCACGAGCAGGACCCAGCACCTGTAACATGGT
67	1	AGAATAAGAAGAAGAGCCTAAGATGGTAGACCAGATGCAAC
68	1	CTTGCTTCTTCTACTTTTTGAATCAAGAGTACCACCAATTC
69	1	GAAAAGGATGTCATTAAAGTACCCAGCAAGAAGCCAAGGCA
70	1	GTCTTGAGCAATCCATTACTATGTGCGTTACTTGCAAGGCT
71	1	CCACTAATTCTAGGTTCAAGAATTACTAGAATGTCAACATG
72	1	CATAGCCTCCAAAGAATAAGAGGCTTCATCCACAGTCTCAG
73	1	GTCCACTTGAGCTGCAGGGGAAGCAACAACTTTCTCCATAA
74	1	TTCTGGTGGTTCTAAGTATAAGGCAGCATATAGAATTATGG
75	1	GACATCCCCAACCCCCACCAATTTGGCAAGTTCTTCTAAGG
76	1	AGATTCGCCTGTCGGATAATAGTTCTGAGATTGATTCCTCT
77	1	CTCATAAAACGAGAGAAAGAAATTGACAATTGTAAAAGAAA
78	1	CACCCCGTTCTGAAAGAAAGAGGGATCAAAACGCCTTTGGC
79	1	GGGATCAAAACGCCTTTGGCACCTACTTCTCCGTAGCAAAA
80	1	CTTCTTTGATAGAAATAACTAGTATGAAAGATAGAAGATTC
81	1	AGAAATAACTAGTATGAAAGATAGAAGATTCCTATACAGCT
82	1	CCTATACAGCTATGTAGAAGAGGGTAGAACGAAAAGAAAGA
83	1	GTTCTTCTTTGAGAAGTCCTAAGGTCCTATGAAAGCTTAAG
84	1	GGTAGTCTGGATGCTAGCCAAGAGCGGAGGATAGGGGAATA
85	1	GCTAGCATCCAGACTACCATAGTTAGCTACATCCCTCAGGG
86	1	TTCTAGACGAGGATAGAGGCAGTCAAGTTCTTTCACTCCGT
87	1	AGAGACATAGCTGGAGAATGATCCACTATTTGCAGGAAAAA
88	1	AATCCAGTCGGGGTAGATCCAGAGCAGAATTATCCGAGAGT
89	1	GTAGAGGGAGAGGTAGAGGTAGGCAGCCTCTAAACAAGGCC
90	1	TTTAGAACATCTAGTTCATTAGGTACCTGCATTTTTTACAC
91	1	AAATAGGTATGATCTTATCTATATAGCACAAGGAATTAGTT
92	1	CATGGATGATCTGAGACCATAGGGACGTAGGAGACGGCGAG
93	1	CCTAGCGGTGAGACAAACCCAGGTAGCAGCCGCCCACCAGG
94	1	ATTTGATATTACCCATCTATATATAGCATATTAATAGGTAA
95	1	AGAAAAAGGAGTGGACTTCTAGGCAGGAAGAACTCGGGCAG
96	1	TTTTGGTAAATACCGAATCTATCGATTATCTAAACATTAGA
97	1	TAGAACTACCTTAGCATTAGAGGTAGCAAACAGGCCGGCCA
98	1	TATTTCACCTGTCATCACACAGATAGCAATCATCCTACTGA
99	1	GGCAGAAGGAAAAGCTCTAGAGGTAGCATCAATCAAAGGTG
100	1	ATGGGTCCTCAATGACGTTTAGGTATTTATGTTAGATATGA
101	1	AGGCCAAGCGACAACAAACTAATTAGCAAGGACAAGCGCAA
102	1	CTTTTATCTCAAGAAAAAATAGCGGACGAGTTTGACAGCTA
103	1	TGGCAACCATCATCAGTATGAGAGGGCGAGCAATTTAAGCA
104	1	CAATAAGAGAAGTGGAATTCAGGGGTCGGGGTTGGGTTAAT
105	1	TCTAAAAAAAATGGGATCAAACCGATCAGTGAAGTAGTCAA
106	1	GGTTTCGTAGTCAGCGAGAGAGGCATCAAAGCAAACCCCGA
107	1	AGTCCCATGGGCCCCACCCTAGGCAGCACTAGTACAGGACC
108	1	GCTTACTCATTAACCATTTCACCGACTTTCAAAAGCATAAT
109	1	TAAGGTCAGATGGTGACCTTAGGCAGTATATCGAGTAATCA
110	1	ACTATGTCACTGATCATGTCACTGATCATGTAACTGACCAT
111	1	GAAGAAGAAGGCTCAGAGGAAGGCAGCGAGAATCCAGGACG
112	1	CAAAGTTAGAGAAAGTCAATATATAGCAATTGTATCAAAAA
113	1	TGATGTCCTCATCCTCCTTGAAGCAGCAACGTCGTCATCCT
114	1	ACTTGAAATGTTGCTCCATTAGGCAGCAAAAATTTGGCAGT
115	1	GAAGAACAATAGGTTAATTCAGGTGTTGGGTTAACTTGAGC
116	1	TCCTACCAACACAACGTCAAAGGTAGTAACTCAGAAACCTG
117	1	TTTTGGGGTCCGATCCTCTTAGGTATCGAAAAATTGTCTTT
118	1	TCCCTCGGCGGCAACGGACTATTGCGCAGCGAAGCTCAGCG
119	1	CTTGGCCGAAATGAGGGTCGAGCGACCTGTGGTTGAATTGT
120	1	GTGGGGAACTTATGTCCACCACCGGTCAGAATCTTAGTATC
121	1	CCTGCAAGGGCGAAAACACAAGGCAGCATATGAGGCAGTGA
122	1	CAAGAAGCTTCCCTCATGCCATGTACTTCATTAATTCGATC
123	1	CTAAAACTTTCTGAAAAAACATAGCGGAAGCTACAAGTACT
124	1	ATAAAATTAACTTAGATTTTAGGTAGCATGTTAACCTAGCT
125	1	CTTCAATCCCAGCCACCCACACCGACCATTGTTTTTTTTCT
126	1	GAATCCTCACGGATCGAAACATCGAACGGTCCGAAACCGTA
127	1	ATCACTGTTCACGGCTTGTGAGGTAGTTTCGATCCCTTAGG
128	1	CGGGGGAGGACGAACATGAGAGGTAGAAACCATTTTGGCAC
129	1	TGTGATCAAAATTGAAGTTCAGGTACCATCGATAAGATTGA
130	1	CACCCTTCCACGTCCAAGCTATCGAACGTACACCTCAGCTT
131	1	TGCTTGCTGGCAAATCATACATCGATTAACATTCCTCTCAA
132	1	GGTTGATTTAGTTTCAGACAAGGCGGCGAGGGGTTGAGGAA
133	1	CAGAAAGAGGAAGCGACAACAGGCAGCACATATTTCTGACG
134	1	GGGCACGGTGCCGCAGATAGAGGCACTACAACCACACTTAG
135	1	CCCTCTTACCGGACAACAAGAGGCGGCAAAACTGAAAATTT
136	1	GTTTCTATAGGCACGACTCCAGAGGACAACCATTTAAGTTT
137	1	TAAAACATTACAATCTCTCCATCGAGCGGTTGGTTTCTCCG
138	1	ACCGGAATTCACCTTGGTGGAGGCAGTTCATGGTTCCAACC
139	1	GATGCAAATACATATCTACTATATAGCTGTTTAGTTTGTGA
140	1	TAGATTTAGGTAAACAATTCACCTAATAGTTTTGTAAACCT
141	1	CATGTCACAGATGGTGACCAAGGCAGGAAATAGGTAATCAC
142	1	TTTTTTATCAAAATCACATTAGGTACTTGAATTCTCAAAAT
143	1	CCGCATTACGTTTGACCCACATATAACAAGAATTATGGTCA
144	1	CAGTTGTCTGATAAACAAACAGGCAACGGGTATGTGTTATA
145	1	ACAATTTCAGGCCACCGTCTAGGCCGCATTCGGTATTGAAA
146	1	CGGAACCGGGGAAGCCTGCGAGGCAGAAACCTGGTTGAAGA
147	1	TACCCAATCCTGACACGGGGAGGGAGTGACAATAAATAACA
148	1	CTCGTTGAATATGTTAGTGTAGCGAGCGTGCGGCCCAGAAC
149	1	GCTCACGCCCCAAGTTTTGCAGCGATCGCCACGCCCTCCTA
150	1	CGCTCTCGCCGCGGAAGCAGATCGAGCAGTTCACCGACAGC
151	1	CAATGAAGTCTTGCTGATCCATCAATTATCTAAAGATTATC
152	1	TGATTCATAATGTATTTACCATTTAGCAATATGATTCTCCA
153	1	TTTAGCATATCAGCATTTCGAGTGGACAACAGCGCGACATG
154	1	TTTTAAATTTGGGCTTGTTTAGGTGTCATTCTCAGTTCAAA
155	1	TCACACAGGAGATCCGGAACATGCAGCGTCACCCTCTCGGG
156	1	TAGATCCTGTTGCAGAAAACATCGAGTATGAATAGCTCATT
157	1	GTTCAAGATGTGAGCACAACACCGAACATGAAAGAATCTGC
158	1	GTAGAGCAAAGTGTAGTAGTAGGCACTTCTAGGCCCCTTCC
159	1	AGATAGAAGAGATCGAACATAGGAATAAGAAGCAAGCTTGC
160	1	AATTCCATCAATTTTTGTTGAGGCAATTCTTACTTGTTCAT
161	1	ATTCAGGTTCGTTATCGATTAGGTATTAATGGGATCATAAA
162	1	ATTCTCATGAGCAGACATAGAACGATTAATTTATATTTCTT
163	1	GACTTTTCGCAAGCTAATTCAGAAATGAAAGAAGTCTACCA
164	1	AAGGAAGTGAGACCAAGCCGAGCCACTAGTGGAGTGGCGAA
165	1	ACTGAAGCCTAGAGAGGCGGAAGCAGTAGCTTATAGGATGA
166	1	CCATATACCAGTCATAAGCGATACTGAAGCCTAGAGAGGCG
167	1	CCCAAGAGGGCAGCTCCAAGAGAGAGGAAGTCCAACTCCCG
168	1	TATCACAAATATCGTAGATCAGTGAGCGGCTTTCAACCACC
169	1	ACTTGCACATAAACTCCTTTAGGTAACAATGAAATCCAACA
170	1	GACCGGAGCTTCGACTAGAGAGGTAGCTTCGAGCGGAGCTA
171	1	TGATAGCGAGCTCGATCAGTAGGTACCTAATCTGGATACTC
172	1	AAATTCGTCATCGTTATGACATCGATCGGCTCGGTCAAACG
173	1	TATCACAAATATCTTAGACCAGGAGTGTGTAAAATTATTTT
174	1	GTGGCGTCAATGCCACCCTGAGGCCGCAGGGGGACGGCGGC
175	1	TGCCAGAAACCCGACTTTACATCGAATTTCGAAAAGACTTT
176	1	CGAAGAGGAAGAACCCTAGAACCGATTTCCATATTTCATTA
177	1	AGTAAAGAACAATACATGACATTGAGCATCAATTCTTTCTA
178	1	CAGATGCCTTACTGTTTCTGAGGCGACATATTGATCCCAGC
179	1	ACCCGTCTTCAAACGCCACTAGGTACCTATTTTCCAGCGCT
180	1	CAACTCCAGGAGTCCAAAACAGGCGGCGCCACCCCCAGAAT
181	1	ACAATGGTGTGGGATATCCTAGGTGGCAGCCAATGAGCATC
182	1	CCCTTCGGCAAGGGCAAGCGAGGCAGCAAAACTCGCCGTTA
183	1	GAGGAGTTCCACTCATGAAAACCGACTAGCCCCGCTAGTCA
184	1	TCTGGTCAGAAAAGTCATCAAGGCAGCGAGAATTAATGATC
185	1	GACAAATAGAATCCCAAGCAAGGCAGTGGATTTGATTCCTT
186	1	GCTTGGTCCTTCCGCAATCCACCGAACTGTTTCAGATATGT
187	1	CGCTCTGCTCGATCTACAACATCGAGTATCGATTTTGTGAT
188	1	TGCTAAAGACTTGTTGCACAAGGCAGGAATGGATGCATGTC
189	1	GTCAATTCCTAGATCAAAACAATTGGCAAGTATTTGAAGTA
190	1	CAAAGGCACTGAACGAAGTGAAGTGGGAAGAAAGAGAGAGA
191	1	GAATAAGCAGTGGTGTACCAAGTGCAGCCATGTCCCCTCGA
192	1	CTCACATGGATTCCTCTCGCAGAGAATAAGCAGTGGTGTAC
193	1	GCGTGGTTGCATGCTTATTGAGAGAGCTTTTTGCAGTCTAT
194	1	CATTCATTGCTAACTGAACAAGAATGCAAGAAGCTTAGCGG
195	1	TCGATGACACGAGCATAATAAGGCAGGATTTCAATCATAGC
196	1	CTTTCAATCTCAAGCCTAAAAGCGACTGTAGCATCCACCAC
197	1	GCATCCCAAACCTCTGTGGCACCGAACAACTTTTCTCCGTT
198	1	CTGATTAAAATGCATGAAAGATGCAACAATGCTATCCGGTC
199	1	TTTGATAATATTCTATCCTGAGAGAGCTTCAACCCACACAA
200	1	AGTAACTAAAACTCCAAGCAAAGTAAGACATGACACCGATG
201	1	GGCTTTTAGCACCGAAGCGAAGTAACTAAAACTCCAAGCAA
202	1	CGAAGAGAGGGTATTCGTTAAAGCAGTAATCATCGAAGGAG
203	1	AGCTCTCTCTGTCACAATAAAGGCAGCTACTGCTAGGCTCT
204	1	TTGTACGAGGTTGAATCAAAAGAGGACACATCAAATAGGCT
205	1	ATTAGTTCCTGTAGAGGGAGAATTAGTAACATCCACTGAAG
206	1	CTGGCCCTGCATGTGCATTTAGTAGAATATTTCCTAGCGCT
207	1	AGCATTCCCCGGAAGCGCCGAGTGGCCTTAGAACAGCTTTC
208	1	GATCATTCTCCTCATTTTTGAATGAATTATTTAAATTGCGT
209	1	TCTTACCTTCCCATACGAGTAGTGAAGAACTATAGAGAGGT
210	1	ATCAGATAATGAACCATACAAGGTACTAATAGATCAATTGA
211	1	TTAGATATTAAAAAAAAAAGAGAGAGCAATATTCCAACTGT
212	1	GAAATTCTTCTCCTCACTCTAGAGAGCAACAATCAAGTTGG
213	1	TCAACCATAAATACCAAGAGAGGCAGTATCCCAATGGCCAC
214	1	GTCTAATACAATCTGAAAACATTGAATATCCAATTCTGAGA
215	1	TAAATAAGAAGATATTAATCATGTACTATATATATATTTAT
216	1	AGAGCTTCTTGGAATGGTAGATAGAACAGTAAGTATCGGTC
217	1	ATTTCCGGCAACCTCCGGTGAGGTAGCAGAAGCTACTGTCA
218	1	AGAAAGGACCAAAACGTTATATATAGCAATGTAATAACAGT
219	1	TGAAAACGACATAGACGATGAGGCAGGAACGAAAAAGAATC
220	1	ACCTTAAGACTTGTTAGACTAGGCAGTAATGGAGGGAAGGT
221	1	GTAACTAACTAGTAACCACCATTTGGCGACGTGGTTAGGAT
222	1	ATAGAGAATGAGGAGAGGAGAGAGAGCAGCCCAAAGGGGCT
223	1	ATACAGAGGTAGGGACGCAAAGGCAGGACAAAGTTCTTCCC
224	1	AACTTTAGACAATATCGGTGAGGTATTAATCATGTAATGAT
225	1	GGGCTTTGCCGGGGCATGAGAGAGGTCAGCGTATTGTTGAC
226	1	CGAAATAACGAAAAAGTAAAAGTCTTTGGGCATGGATATTC
227	1	GCCAATAAAAATAGAAAATGAGAGACCCAAAGTAATGAGAA
228	1	TGGGACTCCTGCGGGTAATGAGATGCTTAAAAAATGAAGCC
229	1	CGTAGAAACATGAGCTTGTGATATAGCTACACCTAATTCCG
230	1	ATTCAAGTAAATACAGATTGAGATCGTAGAAACATGAGCTT
231	1	AAAAAGAAACAGCCCATGTAAGGCTCTAGACCTACTTTCGT
232	1	CTCTTCGCACCCTGATCCAGACCCAGCTACTAGAGCATGCT
233	1	AGTGAGGAACTCCCTAACCGAGCTCGCAACGCAATGGAATG
234	1	GTCTCCGCCCACTCGCTAAAAGGAGAAGTTTCAGACAGCGA
235	1	TCCGTCTATTCTTTCTCTATATGCCACAACAAAAGCGGTCT
236	1	CAGAGGCACTGAACATAGTGAGGTGGGACCCACGGGAGAGG
237	1	TGATCTATCGATCCGATCAGAGGCACTGAACATAGTGAGGT
238	1	AAACCTTTGACCTGGAGATGACGCAGCTACCTTTTCTCCAA
239	1	AAGACTCTTTTTGGTTAGTTAGGTTCTTGCTGGATTCTAAT
240	1	CCGCGGATTGAAGCCTGTTGAGTTTCTAAATCGAATGTAAC
241	1	TGCTCGACCTTAAGGCACCAAGGGTGAAAATAAGTTTCGAA
242	1	AGGCACCAAGGGTGAAAATAAGTTTCGAAGTCCAACGGGTT
243	1	AATTGCACTTAGAGCACTTGAGGCACTGAGCATAGTGAAGT
244	1	ATTAGAGAAGGCTACGAAGTAGGCAGTGAAGAGGGAGTGGG
245	1	CCACGATCCTTCAGTAAGCAAGGCAGGTACAGCATAAGGAC
246	1	GGGCCGAAGGCGAAGAAGTGAAGTGGCAAAGAGGTCACATT
247	1	CGAGCTACGTATAACATCCAAGGCATTGATCGGCCCATGAT
248	1	CTTTCGTTGATCAGCTTCTGACTCACTAGCGAGCTGACTTA
249	1	AAGTCTTCCTCGATTTCAGGAGCCAAAAAAGCTAGCTCGGT
250	1	TCGATTTCAGGAGCCAAAAAAGCTAGCTCGGTTCTACCTTT
251	1	AGCAAGTTCTTTTTCATAGGAATTGGCAGCCGTAAAGGTAG
252	1	AACTTGCTTACTGTTATGTTAGAGTGTTAGAATGTCTTCCC
253	1	TCCAATAACACTAAGTACCTAGGGGAATGAACTAAAAAAGA
254	1	ACCTAGGGGAATGAACTAAAAAAGACTTTAGCTAGGACCAG
255	1	TTCAGTGACTTGATCCTATGATTTAGCTACTTCTGGTCCTA
256	1	TCCAATTACATGTTCTGCAGAGTGAGTAAAGCCCTCAAGCG
257	1	CTAAGTTCGCTTACCGCTTGAGGGCTTTACTCACTCTGCAG
258	1	AGCCCTCAAGCGGTAAGCGAACTTAGCTATCTTTATTGACA
259	1	CATCTCCAACTATTCTTTTGATAGAGCAAATCCAGGCTGAA
260	1	AGGAGCGATGGGACTTTGTAAGGTAAGCCTCACCTTCGGTG
261	1	AGAAGCGAGAATCATTTACGAGTGAGTATGGCACCAAGAAT
262	1	ATGAAAGCAGATATATAGAAAGTGTCAAGTGGGAGATCTTT
263	1	AGAGCAGTCAAAGAATGAAGAGAGACTTGTTCTTGCTCTCC
264	1	GTAAAATCTATAATTTAAGAAGAGAGTTATGAAGAGAAAAC
265	1	TTCTAACTACAGTTAATATAAGGAAAAAAGATGTTATTATG
266	1	TGAGGCTGCGCGGGATAATTAGTAGAACAAAATCAAAATAC
267	1	AAGAGTACAATGGTTCTCTGACTTAGGAACATGAAGTCGAT
268	1	GTGGTTGAATTCTGTTCAACAGCCCAAGGACTTGGAGCACA
269	1	TAAGAAATGCATGGGAAAGAAGGTCAGATTAACCCCGAAAA
270	1	GTCAGATTAACCCCGAAAAAAGTGATCCAAAAATGGATTTG
271	1	TCCGACCAAAGATTTTTCCCACCCAATAGTAAAATCCTGCA
272	1	AAAGCAAAAACGGCTCCCATAGAAAGTACATAATGGAAATG
273	1	AGATAGTTGTTATAAAATTGATAGAACCTAAAATGGATGAA
274	1	CCATTCTGGGGGAGCTGTTGATTTAGCAATTTTTAGTCTTC
275	1	GGCTGAGCTTAATAGGAGCAAGAGACTTGGTGGCAACAACC
276	1	TTTTTTATGACCATCGGGAGAGGTAGTTGGGAAGGTCCGGA
277	1	AAAGCCCTCACTAAAAAAAGAAAGAAGAGAAGCGGGGGCCT
278	1	CCAGCGCCCCGAAAACGAAGAGTTGGTAAAGCGGCATGAGA
279	1	GATCGGAAAACAATCTTTCTAGTTCAAACCTAAAAAACTCT
280	1	AAGATTGTTTTCCGATCTAGAGGTCGCTATTTTGCGAAGGA
281	1	TATGGAAGAAAAGGAGAAGCAGGTGTCTCAGCAAGGGGCTA
282	1	GTGGCTTGCAAGGAAAGACTAGCTAACAAGCGAAGGCACTG
283	1	GCATATGTAGCTTCTGATATAGGAGTTGGAGCAGGAACACG
284	1	TAGGAATGAATAAGAAAAGGAGTAGAGAATATAAAGCGTAT
285	1	TGTCCGTTCCCTTGTGGTTGAGGGAGTTGGTGCGGCATTCG
286	1	AAGATCATTACCTTATTCCTAGAGCGGAATATAGACATTGG
287	1	ATAATAAGATTTTAAAAATGAGAGACTTTTCTTTAGATATA
288	1	CGAAGCAAGGTATTTTAATTACTTACTTGTTAGAGTAAGGG
289	1	CGAGAAATTCCTTGTGAATAACTTTCTAGTAATCCGGTAAT
290	1	TCCCTCGACGCAACGGAAAGAGTTACTAGTGGAAGCCGATC
291	1	TCGCAAAAGGCGACGAAGTAAGGGCGCTCGGAAGAAGAGGT
292	1	TCGTCGCCTTTTGCGAGTCAAGCTACTTAATTTCAGAACTT
293	1	AAAGGATTCCCCAATAGCTGAGATTGGTACTAGAATTCGCG
294	1	GTACTAGAATTCGCGAATCTAGAGAGCACCAACGATGTTGA
295	1	AAAGCCCGGGATTCGCAGACAGTTTGCAACAAATCTCCATT
296	1	TTTTTTTAATGCGCGAAAGCATGCGAAGAAAGAAAGCAACA
297	1	AGCCTACATCTTATAGACCGAGGGACTACCATAACCAAGCC
298	1	GATGTAGGCTTATCAAGCTGAGGGAATTGCATAGTCAAGAG
299	1	GATCGGAGCGTGGGGAACTCAGGCCGCTGGTAGTAGAGGCA
300	1	GTAATATGTTCTCAAAAAAAAAGTAGCTCCAATCTGACCTA
301	1	CCAGTTCGCGGCAGAGAACAAGACAGCAAGCGAGCGTACCT
302	1	TGTATTTCATTCTTTCCGGAAGGGAAAAAAAGAAGTACCCC
303	1	AATCCGTAAATATGAGGAGCATGCCGCAACAAAAGGATGGT
304	1	GCGAAACTAAGTAGGGCCTGAGGCCCCTGCGAATCCGTAAA
305	1	TACGAAAGAAAAGGTTACGAAGTCACTTAGCTCGACGTTAG
306	1	AACCTTTTCTTTCGTAGCGTAGTAGAATGAAGGCTACGCAC
307	1	CTCTTCTTTTTTTTTTTTAGAAAAAGATTCGCTGTCTTTTA
308	1	TCCATAAACACCTAGCGAAGATATGGCAAACAAATAAAGTA
309	1	AGCCATTCTAAAAAGGGAGAAATTAGCACTACTTGGTGAAA
310	1	AATTTCAAACCATCCGCTAGAGGTTGTAACAATCCGAACGC
311	1	AAAGCCATTACTTTACGTTCAGCTAGCACTAAAAAGGCTAC
312	1	GTCGACCAGGCCAGATCATGAGTGAATAGAAAATCGAAAAC
313	1	ATCCGGAGTTTTTCGAGAAAAGGTCCCATCCTTCAATATCA
314	1	ATGGGACCTTTTCTCGAAAAACTCCGGATCGAGTTGAAGGT
315	1	GTAACAAGATTCGATGTTGCACCACCTTCAACTCGATCCGG
316	1	CCATTCGAAGTAAGGTAACAAGATTCGATGTTGCACCACCT
317	1	GCTAAGATTCCATTCGAAGTAAGGTAACAAGATTCGATGTT
318	1	GTGAGGCGGGCTAAGATTCCATTCGAAGTAAGGTAACAAGA
319	1	GAACCTTATGCAGTACAGAAAGCAAGTGAGGCGGGCTAAGA
320	1	TTACTTTCTTTCAGAACCTTATGCAGTACAGAAAGCAAGTG
321	1	AAGGTTCTGAAAGAAAGTAAAGGGATTTCCTTCTAACTAGT
322	1	CTTACTCTCAGCCACTAGTTAGAAGGAAATCCCTTTACTTT
323	1	CAAATCTGTTGAATGAAGGTAGCTTGCTTACTCTCAGCCAC
324	1	CAGCGGAAATGCAAAAGAGAAGAGCAAAGATTCCCGACCCT
325	1	ATTTTTGGGATGGTGTTCAAACTCCCGAAATGAACCATTAC
326	1	TAACGTGGGATCCGCTCAGGACCTACTTGGTTTAGGTAACA
327	1	CAAAAGGTAGCATTTTGTTTAGGTGGCAACGCTCAACGGCG
328	1	TGTTCTCTTCAAAACTCAAAAGGTAGCATTTTGTTTAGGTG
329	1	GTTCGCACTGCCACAAAACTAGGCAATAGATACCATTGATT
330	1	AGATGGTTATGCAGAAGGTGAGGCAGCGCTGGGACTCTATG
331	1	ACTTTGGAACCAATGACCTTAGCGAACAACTTCATAACCCA
332	1	CCTTCGATGATTACTGCTTTAGACTGAGGCCGCCAGCCCCG
333	1	AAAGTACAGGCAGAAGGCCAAGAGCCTAGTCGTGCAAAGAT
334	1	AGCTGCCTTTATTGTGACAGAGAGAGCTTCCAACAAGGAAG
335	1	TACAACAACTATGGCAGCCAAGAGCGCTGCTTATTCCCCTT
336	1	CTAAATGCACACGCAGGGCCAGGTCCTAGTCCTAGATCAGA
337	1	TAGCGGGTGGAGCAATTCTTAGGCAAGAAGTGGCTTCTCGC
338	1	TTTGCCACTTCGAATAAACTAGAGTACATATAGGATACACC
339	1	TATTCCTCCCCACTAAAAAGAGCGATTGAGAATCTCGATAA
340	1	CGAGACCGAGCCGAGCCACTAGGAGAGTAAGCCCTTCCCAC
341	1	CAGGTTGATCTCTCGGGTTGAGGCTGCATTCATTTTGACAC
342	1	ATTTGTTTGTCCTGTCAGATAGAAAAAAATAATAAGAAGCC
343	1	ACCATACGAACATGGTATATAGGATAAATATGAGGCCCAAA
344	1	ATACCTCCGATCTCTACCGTAGGTGCCAAAGAAGAATGAGA
345	1	GCACCTACGGTAGAGATCGGAGGTATTTGGCCCCCAAAAGG
346	1	ACATGAAAACCATGAAAGCCAGTTGCTAAGAAAAAGGTAGA
347	1	GGAGCATCACGTTGGCTTTGAAGCAGCTGCATGGTACTGGC
348	1	ATCATGTTCACCAAAAAATGACCTACGAATTTATCTTTTGC
349	1	GCCGCAAGGAACCCGGAGTGAAGTACTAACCCCAAGAAGAT
350	1	TAAAGGCCGGGCGAGGGGTGATAGAATAGCAAGCAGGGTAA
351	1	CACTTCACTCACCTCAGAGAATGCACTACCTATCTGTAATC
352	1	CCCGAGGAGAATCCGAGTGAAAGCAGCAACCAGCGTGATAG
353	1	ACTTCAACCACTGAAATAGCAGCAATTTCTTTTTTAAATTC
354	1	AATCTCGTGCGGGTTGAAGCAAGCATTAGATATGGGCCTTT
355	1	TTTGCATTCCCCTCCTTTAGAAAGAGTAGTTGCCCCGCCCC
356	1	TTTTCACTACTTGCAATCCGAGTAGCAGATCCAAATGCTTA
357	1	CCAATTTCTATTTGTGATTCAGTTGAAGAACCACCAGTTTT
358	1	TTTTGATAGAATGCTTTGATAGAATGCATTGCCTGTTGTTC
359	1	CTGGGTCAACTACTGAGCTGAATCAACAACTTACATTAGCT
360	1	GCTGCATCTAAGCTAATGTAAGTTGTTGATTCAGCTCAGTA
361	1	CAGAAAAAAGTAGCAAAGGGAGGCAGCATCCAGTGGATCAG
362	1	ATTTTAGTCGACCCAGAAAAAAGTAGCAAAGGGAGGCAGCA
363	1	AAGACCCGATTAATCAGTGGAAGCAGCAGCCCACCAGAAAA
364	1	GCCAGCTAGAGTTCAGATGGAGGCAGCAGAAGCAGTGGTTG
365	1	CTATTGATCTAGAGCCAGCTAGAGTTCAGATGGAGGCAGCA
366	1	CCGGAGCGCTCGGAACCAAAAGCATCAGTATCAGTCCCCCA
367	1	TCTTCCTACTAAAGAAGCAGAGGCCATAGAGACATAGGTGG
368	1	AAGAGGAGTTCATTTTGTGAATGGCCAGTTTCAAATGTCTT
369	1	TGAGATAGAGTCGACAGACTAAGCACCAACTGGATCGCCTA
370	1	ATATTGTGTGTGAGCGAATGAGGTGTGACCGAATGAGCTTG
371	1	ATTCTAACTTTCACAAAGGGAGTGAATAATTTCACTGGCTT
372	1	TTCTTTTCGATCTTGTAGCCACGGCACTGAACACCCATCCA
373	1	CCCAACTATATTTGAAAATGAATTGGTTATACATAATGATT
374	1	CCGATCTTTCCATTTTTTTGACCCATTTCTTAGGTAAAGTC
375	1	TCTCGAAAACGAAGATTTGAAGTGGTCTATAATTTACTGAG
376	1	ATGCGTGAGTTATAGCGAGTACTCAGTAAATTATAGACCAC
377	1	GTACAAACCAGTGCAGACGAAGTAACACGAATATCTCCCGT
378	1	CCTCTGAGTGGATATGTGGAAGTACGGTATGATGATCCAGA
379	1	TCCGTCGCTACGCTGTTCCCAAGGACTAGCAAAATCGAAAT
380	1	TGCAATTCTTCCCAGTATGGAATGAGTAAAGAATCGAGCTA
381	1	GAAATAGTTGCATGCGAAAGAGATCCCAATTCCGTGTATCC
382	1	TTACTTACTTATGAGCAAAAAGGGTTTCAAATGAAATAATA
383	1	CACTAAAGAGCAAAAATAAGAAATGGCAAGATAAATTTTAT
384	1	AAAATTCTGGTTGCTGTTCAAGTTAGTGAAGTTATTTCATT
385	1	TCCTTTCTTTAATCCACTGGAGGTAAAAAAAAAAATAGATT
386	1	TTTTCAACCTCTTCTAATCTATTTTTTTTTTTACCTCCAGT
387	1	TTAGAAGAGGTTGAAAAGAAAGGAAAAAAGAAGACTTTAAA
388	1	TCAATAATACCGCCTATCCTAGTGAGTTTTACGGGCCCACT
389	1	TCACTGATATGGATGTAGACAGGGCAGTGTCTTCTCCACCA
390	1	CTCCAAACATGGTTTGATCAAGGCAAAATTGCAGGACAAAG
391	1	TCCACTTCATATGGATGAGGAGGTTGGTATAGCTCCCTTGC
392	1	CTGGTCAAGGTAATATTGCAAGGGAGCTATACCAACCTCCT
393	1	CTGATTCAAGCTGCTGGTCAAGGTAATATTGCAAGGGAGCT
394	1	TCCTATGACTAGGGGTAGTAAGGCTGATTCAAGCTGCTGGT
395	1	TGTTGGTGCCACATAAGGCTACGAAGTAGCGGTCCGTAGGT
396	1	AAGAGTACAGGCAAACTACCAGTTGGTGAAGCTACCATCCC
397	1	ACGCGTATTGGTTTTGTAGCAGCTAAGAGTACAGGCAAACT
398	1	GATGGAGTCACCTCCTAAGGAGTCTGCAAGCCTCTTCAAAA
399	1	TGATGAAGAATTACGGATGGAGTCACCTCCTAAGGAGTCTG
400	1	GTAGTTGGAATTCCTATCTGAGTTGTTAACCCTACAAGTTC
401	1	CTTAGAGAGCGGATGATAGAAGTAGAGCATTAACGTCCGTT
402	1	CCCTTAAGAGCTAAAAGGAGAGTTAGCATAGACTTAGGCAA
403	1	TTTAGCAGATGAGCGGGATGAGCTACTAGGGAAGAGAGTTA
404	1	GATGAGCTACTAGGGAAGAGAGTTACTTACTCAGCAGTACG
405	1	GTTGACCTGGAAGATTAAAGACCCATTTGCGTGCGCATCGA
406	1	AATACGACTGGCTGGAATGCACCCAGCAGTTTTCCAATGGT
407	1	GAAGCTGAATGGTTTGAGTGAGAACGGAACAATCTATCTCT
408	1	CGAGATCTCTGCCATAAAACAGAGAGCTCGTAGGCTTTATT
409	1	ATTCCCCATTCATCCGAAGTAGTCTTTTTTTTTTAGTATAG
410	1	CCGTAGAACCTATAAAAAAGAGATGGTTGTGGCGCGAAGTA
411	1	CACAACCATCTCTTTTTTATAGGTTCTACGGACCGATGCCT
412	1	TGATTCTTTTCTCCCAGATGAAGCAGCAGGCATCGGTCCGT
413	1	TGGTTTCGGGATCCCGTAGAAAATGCTTCTTTTATGCCTCG
414	1	ATTGGTTCCTGGTCTTGGTCAGAGACCACTGTGTTCGCGCC
415	1	GATATAGGATCTTGTGAAACAGGATTTGATTCTGCAAGCGG
416	1	TCTCTCCTTTCCTATCAGCGAGTCCCGATCCTTTTGTTCGA
417	1	GGACTCGCTGATAGGAAAGGAGAGAAAAACAAAGCAATGCC
418	1	TCTGGCACGAGATGATAAAGAGAGAGCTTCGTCTATCGATG
419	1	AGGGTTCGTAGAACGAAGGGAGTGTACAACTGGCGGTGTAC
420	1	AGGGACATGGTCTAATCATGAGGGTAGTATTTTATCATGGT
421	1	TAATACGTTGTAATTGGATAAGTTATTAGGAATATGACGGA
422	1	ACCGGATGATGGGAATAACAAAGCAGCAATTATGAAATGAG
423	1	ACAGATGCGCTGCGCTACCCAGGGCGTAACCTTGTCACCTC
424	1	CGGCATCGATCAGCTCCTTGAGTTGCTTCCTTAGCTCTGAT
425	1	GCAACTCAAGGAGCTGATCGATGCCGCATCTTCTGGTCTTG
426	1	GCTCCTGTGGCCCAACACATAGGCTTTTCCTTGTTCTACCG
427	1	GGGCGCTAACCATGTGTTACAGGCCGCAGAAGTGAAATGCC
428	1	GAACCCTTCTCCTGCAAGGTATAGAACAACTAAGGGTACTG
429	1	TGTGCTTAGTGCAACGCCTCATAGAACAATGAAGTAATGTA
430	1	GCTACTTGTACTAAAAAACTAGGGCGCTATACGGAAGTTCG
431	1	CTGGAAAACCCGACTTAGCGAATCACTTCCAGGCTGGTATT
432	1	TGGAAACCGTTTGGCAAGTCAAGGTACCCTGAAATCCGCTC
433	1	TACTTTAACTGGTCTGTTAAAGTCTCCTTGCTACGGCCCTT
434	1	CTCCCTATTGCAGTAGGAGTAGCTACTTATTTCAAGGCTTT
435	1	CGGAAAGCCTTACTCTAACAAGTAAGCAAGTCCCTCCCTCT
436	1	CGTTAGGGAGAGGGAGAGGGAGGGACTTGCTTACTTGTTAG
437	1	GTTGACTTAGTTGCTTTTGCAGTCGATTCTAATCCCCATGT
438	1	CTTACTTCGAATGGAATCTTAGCCCGCCTCACTTGCTTTCT
439	1	AAATGGATGTTTAAATGATCATACAACAGATTTCTCATACA
440	1	TTGATGCAAAGGAACTAGACATGTACTTATATCATAGTTAC
441	1	ATGAAATCGAACCAACAGCAAGGCAGCAAGAGCAATTAGAA
442	1	CTCCATTATTTGTATGACTGAGCCGTCGTTGTACGTACCCA
443	1	CTGTTCTCTTGATCCCAACGACCTAGCAGCCCTCTATCGCC
444	1	ACTTATGACAACTTGAAAGTAGGTAGTACTGTATAGAAATT
445	1	CAAAAACACCCAAATATTGCAGCGAACAATACTTACAACTG
446	1	TGAAATGGGGCTGCAAGTAAACCGAGTAAAGGAAATCAATA
447	1	CTATGCTGGAGAAGTGTTTGAGGCAGGAGCAAGCAACGCTA
448	1	AATTAAAACATGTCCATGACATCGAATAATAATACGATACT
449	1	AGGCCTTAAGAGCCAATTAGAGGTGGCAAACAGGCCGCTAA
450	1	AGATTGAGGCCACAAATCTTAGGCCTCAATGAGGCCACAAA
451	0	GGTGGGGTTATCGAGCTTCGAGGAACCTACTTGACTTCTTT
452	0	GCTAGACATCGTGCCGCTTCAGACCATACCCCGAGAAGTTG
453	0	CCACCTTATTAATTTCAGGAATTCAAAGAAATGAAAACAGT
454	0	GATGAGGCGGACAACTCGATACCCATTGGGGTCTGCCAGCA
455	0	GGGTCTAGAAGGGTTTGTGGATTGGTTTAGGCGTTTTTGGC
456	0	CAATGGTACTGCTATTGACGAGGCTGGGGGCTCGATGATCC
457	0	TTTGCTGGCGGTTTCCTGCTAACTGGAGGAAGGCTGGGCGG
458	0	ATCCAGCTAGGGTTGACATCAATGTTGAATGTTTTAGCTAC
459	0	TCTTCTAGGTGGTCTCCTCCACACTCAAAGAGATTTAAATC
460	0	GACCATGGAGTTCGATGGTGATGTGATTGGCTTCAACATCT
461	0	GACTTTGTCATGAGAAAATCAAGCAAATTTGGAGGATAAAT
462	0	GCTCTGCGGGACCACCTACCACTAGTCTTCGGCCGGAGGGG
463	0	GGGGTTAAGGCACATACCGTAGGCCAAGAGAATGGCGAATA
464	0	GCATTTCGGTGACCTTTTCCATCTTATAAATAGGTGTGGTG
465	0	AACAATGGCACCAGGTCGTCACCCTGATCTGTGAGCACTAA
466	0	AGGCAGCGAAGGCGGGTGCCATGGCCAATGTGGAACTGCTG
467	0	TTTGGCTAAGTTATTCTCTTAAAATTAATAATTATAATATA
468	0	TCTCGGAACAGTAGCCTTCGACCCTTGCGGTAGGGTTGGGT
469	0	AGCAAGGCAAGAAGGAGGTGAGTACAGTGCAAAAGGTGGCT
470	0	AACCCCTAAACCTAAACCCTAAACCTCCTAACCCTAAACCC
471	0	TAGTCTGACGCGCGAAGAGGAGTGTCGCCTAGCAAGGATCC
472	0	TGACCTATGAAAACACAGCCAAACAGGCTATCGCCTGAGCC
473	0	CAGCATCTTATGGTCTTCTCAAAGATCATTACGAGCCCTCT
474	0	TGTAGGAATCTCACTGTCCGAACCGCTAGACATCGTGCCGC
475	0	TCAATGGCTTAATCCACTGGACCACCTGGAACTGCTCTTGC
476	0	GAGGGTAATTTACCTGGCGGATGAATCCAATGCTCTGGAGC
477	0	GATTGCTGGTGGTGCGGCGCAGATACAATGTTGGAGATCGG
478	0	CTGATCTGTGAGCACTAACCAAGAGCAGACCATCCTACCTA
479	0	AAAGATGGTCCACGATATGCAAGTGAAGAAAGCAGCGAGGA
480	0	TCTCTTGCACAGAGCTTTTTAGATGCAATGGAAGATGATGA
481	0	AGGTCCGCCAATGCCAGCTCATACATAGAGGTGAGGTCCTG
482	0	GGTGGCCTTTACCCCTCGGTAGTGTATATCTCCGAAAACGG
483	0	CTGCCACCGCTTGGCCCTTCATGGCAGCTCTTGGTTTGTAG
484	0	TGGCAACAATGATGTACTTGAACTGGCCTTTGGCGGTTTGG
485	0	TAGCCGCCAACCAGGTTCCCAATGAGTTGCGAGTCATTGAA
486	0	GCACGAGAGCAAGCTACTCCAATCGGGTGTATCTGGTCTCA
487	0	CAATACACGTGCCTAGCTATAAGATTAATTACTCGCTTTTT
488	0	TTCTCTTGTTTGTTGGTTCGATGCCCTTCGATAGGTAGTCG
489	0	TTGCGCGTTGGCGATTATTGAGTGTTTGCGATGGGCGATGC
490	0	ACCCTAAACCCCTAAACCCTACCCAAAACCTAAAAAACCCT
491	0	TCCGAAAGGCATGACATTGTAGCAGTATAGGCCTTTGTCCA
492	0	CAATCCTATCTAGAAGGTTGAAGAGGGAAAAAGAATCGTAA
493	0	TTAATCTTGGCAATTATTGAATGTTGGCAATAAGCGTCTTA
494	0	TGCCTTGTGGAGGTCCGCCAATGCCAGCTCATACATAGAGG
495	0	TGGAAGAGGGTGCCAAGCCCACCAGAGAAGCCCAACGTCAC
496	0	TGACCTTTTCCATCTTATAAATAGGTGTGGTGTTGGGAGTT
497	0	AAGTCGGCTACTGCTTGTGTAACACCCCTCACCCAGAAGAT
498	0	TGCGTTTTACGTTGATGCGCAAGGAGCAGTGCAGCGTGGCA
499	0	GCGGTAGGTTGGGTTATCTCAATAGGTAGGACGGCCTCAGT
500	0	AGAAGCTAGACATGGCGTTGATGCTCGCGTTAGCGAGGCTG
501	0	CTAACCCCCAAACTTCTATGAACCAAAACTCTTCCATACGA
502	0	AGAGGATGTCGTCGCTCGTGATAGGCGGAAGGAGAGGCTGG
503	0	CTCGGTAGTGTATATCTCCGAAAACGGCCTGTCGATACTAG
504	0	ATCGAGACCCATGGGTGAGGAGCAATGGATCACTCAACAAG
505	0	GCGGAGACTGTCTTGCCGGCAAGATGGTGAGAAGTTTCATT
506	0	TTGGGTGTCGGGTCCTCGGCAGTTGTCATGGCCGTGTCGCC
507	0	GATAATTGAGGTTTTTATGGATGACTTTAGTGTCTTTTGTA
508	0	ATTGTCCCCTAGCAGTGGGTAATTTGCCAACTAGGTTGAAA
509	0	GTTCATGCCTCTGCCGGCGTAGAATACGGGGAGCTCATCCT
510	0	CAAGTGTGGGTTTGTCGTTGAAAAATATTTGTGTTGCCTGA
511	0	CATTTTAGGAAATATTTCCTATTTTGTTTTAGGAAACTTTC
512	0	CAAGGCGCCCATGGTTGCCGACCCGGAGGTGCAAGCGAGCG
513	0	CACCGTGGACGCGCCGTGCCAAGTTAGCATCAGAAGCTCTA
514	0	GAGAATGAGCTAGTGCCTCAATGAGTTGTGACAGGACATAG
515	0	ATAAATAGCAGCCATTCTCTACTCCAAAATCATCACTTCTT
516	0	AGTACTCCTTTAAGCTTTGGAATGCTGCCTCACAGTCCGAG
517	0	CCGCGACAGGAAAGCATTTGACAGTGCATGGAATGAGTAGT
518	0	GGTCCCCGTGGTGCATCTTGATTTGGTTGTAGTCGGAGAAA
519	0	ATACCCGAGTGGCGGGGGTCAACTTGCCTGATCAGGACCGT
520	0	CCGTATTCAGCCAAGGGGTCACGTTTCCGCTACTGCCGAAC
521	0	GGCCAATGTGGAACTGCTGAACCAAAAGGGCGCCATCGATT
522	0	AGATCGGGCAATGATAAGGTAGAGAGTTGCACTGTCCCCTA
523	0	AGCAGACCCCATTGAAGACGAGAGTGAGGTACAACAAGGCC
524	0	TAGCGAATGTGAATAACCAAATAACCAGTATAGTATCCCAA
525	0	AAGTTACGTTCATCGACGAAAGAAGAGAAGGCGTAGTTCTT
526	0	CAAAGCTCCGCACCTCATTAAGATCATATTGGCATACTCTC
527	0	TGTATGTATCTCCGCTGTGCATGGGCTAGCGCCGATAGCTA
528	0	AGGACGAGAATGAATCCGGGAATCCAGGACATACTCATCCT
529	0	TACACCTCTATTATTTTGCCAAGATGCTCAGCGAACATGGC
530	0	GTTTCTTTCCATTCCTCGTGAGCCACTTATTTCTCCGAATC
531	0	GATTGGCTTCAACATCTTTGAAGCAATAAGGTATCCCTTGT
532	0	TCGCTTGCAAGATGAAGGTGAAAAGTTTGCTAGCGGTGTTG
533	0	ATATTAATTTGTGATTACTTATAATGACCATACTAACCTAT
534	0	CTTCCTTTTGAGTTTGTAGTATTGTTTTTGGTTAATCTTGG
535	0	TCACCTGATTGAGAGCTGAGAGGGATCAGGTAGATGTCGCT
536	0	GAATTCAAAGAAATGAAAACAGTACTTTTGTGTATTACAAC
537	0	GACTTTGAAAAATGGGAGACATCTGTCAGTGAGTCTGGAGA
538	0	GACTGTTGACCTGTCCCCCTACTTGTCCCGGAGGATCATGT
539	0	CTTCCATGCAAAAATTGATCATGCGTTCTCAAAAGATGCTC
540	0	GTGTTGGTTAGCGGTGTATGATAGGTGGCAAGTGGGAAGGA
541	0	TAGGACAAAGCGCCTCGGCCAACCGGGGCGTCGAGCGAGCC
542	0	TGGCAATGTTGATGTTGTGGAAGGTTAGCTGCCAGCAATGT
543	0	CTGCTCAGGGTGTTCGTTAGAGATGCTGATAACTTACAAGG
544	0	GGGAGACAAGGAGACATTGCAGTGATAGTGTCCTCCAAGCT
545	0	ACCCTTATGTCGTTTGCTTCAGAAGGACATACCCTTTGAAT
546	0	AGGATGTTTGTGTTCTTGGCATGGAACACTATTTCCTGCAG
547	0	GAGCTTTCCCTAGAGGCTCTAAACGTGCACCTTCCACACCG
548	0	CTCGGCGTTGGTCTCGGAACAGTAGCCTTCGACCCTTGCGG
549	0	TAACCCACCCCAACCCCTAAACCCTAAACCCTAAAACCTAA
550	0	GATATGTTATGCTAATAACTACAGTTTGGGGGAAACCTCTT
551	0	CATCCCATTGAAAACTCTTGACTGATGAAATCAAGAAAAAC
552	0	TTTAGGGTTTACTTTCCCGTATGAGCATTCGGTACATGTAT
553	0	TACGTTGTTAACAAAAATACATTACACATTAAATACTTGCC
554	0	CCCCTGCACTTTCAAGTTTGATCTAATATGTCCAATTTGTT
555	0	TGCTTTTCAAGGCATTAGGTACTGTTCTCAAGGCTTCTTAG
556	0	GCCCAAGGTTGACGAGATGCAATATCTGCTGTCCTGTCTCA
557	0	CAGGATTAAGTCGGAATTCCAACCTATTCGTGGTTGTCAGT
558	0	TTCCGCTAGGGTTTTTTGTGATGCTAGGCCTATCAAGCGTC
559	0	AGCTAACAGGCGCGGGTCGCAGAAGGAGAGAGTGGTGCCGC
560	0	TTGGTGGTGGTGGTGGTGGGATTTCTTCCTTGCATTGATCG
561	0	CTAGAAGGTTGAAGAGGGAAAAAGAATCGTAAATTAAGGCG
562	0	GGAAGCCCTTCGTCCTGTTCAGGATGCAAATTTGGACCTTA
563	0	TACCGCTAGGTATATGTATAATGTCTCCCCCCTGTACAGGA
564	0	TATGGACCTTCCCAAGTTGGACAGAGTGCTGTTGGTGGTGG
565	0	GATGTATTGCTATTGGCCGCAAAGCCTTTTGTAATAAAATG
566	0	ACTACGCTTCAAGGACGCTCAATGATGCTGTAGTTGAACTA
567	0	TGGCGGTCGTAGTTAAAATGAGGCATTGCCTTGGGGATTGC
568	0	AGGCCAAGAGAATGGCGAATATGATGCGGAGGTTTTCCACA
569	0	AACTTCGACGATGAAGGAGTAAACCGCCGTCCATAAGTGGT
570	0	GTTAATCAATGAAACATTAAAGGAATTAAAATTGTTCCGAG
571	0	ACTCTTCCATTCGGTCTCGGAAACAAGCATGCCGTATGTCT
572	0	GTCACTTCTAAGCTATTGGCAGTTAGACTGCTGTTCCAGGT
573	0	AAATTTGCTTTAACATGTGGAGGTTGCTGATGGTGCTAAAC
574	0	CAAACATGTGAAACGAAACCAAATTGATCAAATCTTACCAT
575	0	GCGTCCGGCGGAAGATTCTCAGCGGACCCATCCTCCTACTC
576	0	CGAGCGGCTCCGGTGGTGGGATGAAGGAGACTGGTGGGGAA
577	0	CTGCCGCTAAATATTCCTTCAGACTCTGGAATGCCGCCTCA
578	0	GGAATTCGGTTTTTCTTTTCAGCAAGAACATGATAGGAGCA
579	0	TATTACCATCCCCCCTTTCTACAATATATCTTACAAAAAAA
580	0	ACCTTCCCGTACGAGTAGTGAGGAACTATAGAGAGGTGTAG
581	0	CCATGTTGTTTGAGGCTTTGAAATTGAATTTTAACGCGTAT
582	0	ATCACCCCCAACTTCCATGCAAAAATTGATCATGCGTTCTC
583	0	TACCGCCAGCGGTACCAACTATTGCCAACTGTGTGACCTAT
584	0	CTTTTCCAAGGCAGAGTTGGAATTGGTGGATGTTTGGGGCA
585	0	CCCAACCTGGATATATAATGAATTTCGCTTTCTAAAGATTT
586	0	TTGCGTTCGTCTGCCCCTGCAGAAACCTCACTGCCGGAACC
587	0	ACTCGTCAGAGATGCTGATAACCCTTAAGGATGTCTCCGGG
588	0	ACCCTAAACCCTAACCAACCAAACCCACCCAACCCTAAACC
589	0	TGTTTGAGAAATTTGGATTTAATCTTAAAAAGGTGTGTTGA
590	0	GTTCTTGGTGTTCTTGGATAAAATCTAACATAGGGATAGTT
591	0	CCGACGTATAAATCTCTTCTAGGTGGTCTCCTCCACACTCA
592	0	TGTTGTATTCTTGTTTTGGTAGTTTCTGGGAAATTGTTGTT
593	0	GATTGCACATCTGACCGCTGATGGGCATCCTGCTAGATATA
594	0	TATTGATTATAACACTAATTAAATTCTGATTTTTTCTTGAT
595	0	ACCCAATAAACCTAAAACCAACTAAACCCTAAACCTAAACC
596	0	CGCCGTGCCAAGTTAGCATCAGAAGCTCTAGAAGCTGGGGA
597	0	ATCATTTTCAATTCAAATGGACCCCTCTTTTGAAACCCTAC
598	0	TGCCCCCATGATGCGCTCCTAGCTCGCGGAGCGGAAAAAGA
599	0	CTATGAACCAAAACTCTTCCATACGATATCAGAATTTAGCG
600	0	TCGTATCGACGTGCCCTTCCATAATCCGGAGGTCTTGAACA
601	0	ACAGCAATCGATGAGGCCGGAGGACCGATGACGGTGGCCGC
602	0	GGCCGCCGTCGACCGTGTGAAGCGAGTTTTCCTCCTGCCGG
603	0	ACGATGGAGAGCCGACCGTCAGGATTAAGTCGGAATTCCAA
604	0	GGAAGATTCTCAGCGGACCCATCCTCCTACTCAGTCCGAGG
605	0	TTTTTCTTTTCAGCAAGAACATGATAGGAGCATCCCTCTCA
606	0	AAGCCTGTAATGAGTGCTTCATACTCCGCCATGTTATTTGA
607	0	CTTCGACCTTGTCGGTTGGCAGTGTTCCGTTGCGCTTGTAT
608	0	GCTATTTCTGGCGGCGTTGAAGTCGTCGCCTATTGAGCGGC
609	0	GCCCAACGGAAAGCATGGGAAAGAAGTACCACAGAAACATT
610	0	GGGTGCCATGGCCAATGTGGAACTGCTGAACCAAAAGGGCG
611	0	GTAGGACGGCCTCAGTTCCGAACATCATGAAGAACGGTGTT
612	0	AGTCCACAGTGACAATGGTGAACTTCAACTGCCTTGGGGCT
613	0	GCCTGCTTAGCAGTGTTTCCATAGGTAACATCTCCGATAGT
614	0	GATGAAGGAGACTGGTGGGGAAGAAGTTGAGTCTGCGTGGG
615	0	CTAGCTCCCCAGTGGTTGCCACATACTCTGCTATATAGCGA
616	0	ATTTGATCGCGATAGGCAGCACAAGGGTTTGCGAGGGATAT
617	0	TTGGCAGTAGATGTTCTTCCAAAGGAAGTGAGTTACCTTGG
618	0	GAGGAACAGAGCTTGACTGCAATGCCTCATGGCGGTCATTG
619	0	ACACTGAGGATGGCGTCGCCATCCCCAATGCAGAATTGGAG
620	0	TACCACTAGTCTTCGGCCGGAGGGGTTTATTGCACAAAAAC
621	0	CTTTCAGGTGGGCCCCTGCTAGGCCCCCCCAAGGAATCCCC
622	0	CAACAAGAATATTTTCAAATAAACTTAACTAATAAAAATTC
623	0	GATGTGAGATCAGCAGCAAAAGAAAGAAGAAGAATTTCCCC
624	0	TGGTTGGGAGCTGTTGGCTGACCTGAAGTTGACCCGTAACC
625	0	ATGCCTGAGTTATGGGCTTTATAGCCTAATCTCAGGCAGGC
626	0	AGGGCTGGGATACACTGAGGATGGCGTCGCCATCCCCAATG
627	0	TTACTTCTACTAGTCTTGCGAAAGCATACTCAGTGTCAGTG
628	0	TGGAGTTCACTCTCCTTTCCACATATAAAATGTCCATTCCT
629	0	CAATTTTTTTCTTGTGGGTCATCTTCATGGCTTTGAAGAAT
630	0	CCACTAGCGTTGTTACGCTTAGCAGAGATTGTCTCGCTTGC
631	0	AATTCTCCGAAATTCCTACGAACCCATCGTAACGTGAATCC
632	0	CCACATGTCTACGAAGTCGTATCGACGTGCCCTTCCATAAT
633	0	ATGCGGGGTAGTGGGAAACTATCCTTGGGGCGTGCCTTGTT
634	0	CCTCTTCCCCTATCAAGAGTATATAAGTCAACCCAACCAAC
635	0	TTACCGCTCATACAGCTCCCAGCCAGCAAGCAGTTAGCCTT
636	0	CCCTGGCGGTAAAGCTTGCCATTTTGGATGTTGTAGCAGGT
637	0	TAGATCATGGTGGGCACTCGAAGAACCTGCTCATTGCCTCA
638	0	AGAGCTGAGAGGGATCAGGTAGATGTCGCTGCTGTAGAGGC
639	0	CCTCTATGCCTCGTTCGCTGATGATGTAACCCAAAAATTTG
640	0	TAAACCACAAGGTACTAACTAGTATTTAGCCCAAAATTCAA
641	0	TGGAGACCATATCGCTTGCTAGATGGAGAGGGAGAAATTCC
642	0	AATGGATCATCATTGGGGAGATGTACTCCTGGCTCTTCTTC
643	0	GCTTAGGCAAATGCGCATGTAAGTACAAGTCCCCTAAGTCC
644	0	CTCTCTTCGTATGATTGCACATCTGACCGCTGATGGGCATC
645	0	TGCCCCTGAGAAAGGCTGGGAAAGAGTGACCGCTCAGCGGC
646	0	TTTAATATATATTTTCCCTCATTTGGCTAAGTTATTCTCTT
647	0	CTGTTTGGCTGTGTTTCTGTAGGTCACTCCTTTGGCGGGAG
648	0	CGCTGGCCGCCCCGAGAGTTATAGGGTGAGAGAGGATGTCG
649	0	TTCAAGAATGGTATAGTTTGAGCCAAATGCCCTTGCTATAG
650	0	TGAGATCAATAATTTTCTAGAGAGCATGTATGCCTCTGGGC
651	0	TTGTGACGCCATCCTTGTCCATCAGGTAGAAGGTGCCGGGG
652	0	GTGATAGCACTTATAAAGCTATATCAACACAACCTGCCATT
653	0	TAATTCCCTCCGGAAAAGCAAGTTTCTCTTACCTTCCCGTA
654	0	AATGGTCACAAGAGAAGAGAAAGAAAGAGAAAGGGATTTCT
655	0	GAAATTTGAATTTCTTTAGGAGTGTCTTGACATATCCCTAA
656	0	GGCATCTTTGGCGTTTTTGCATATGCTGGCCTAATGGCTTG
657	0	GGCTAAGGACCTGGCGCCTGAATGGTTGCCACATTCCCTGC
658	0	TTCACTTTTAAAAAAAATGTAATATATTAATTTGTGATTAC
659	0	CCAGTCCGAGACGCCGGTGGAGTTACCGATGCCGCTTCACT
660	0	AATATTAGGTTCCGGGGCCCATAAAGATCTACCAGTTTTTT
661	0	GGAGGGGAGCTGCGTTGGGCAGAGGGTGTTGGGTAGCGAAC
662	0	CCAGAGAGGACGGTACCTTTATAACGCGAAGTCCTACTGCC
663	0	ACTTCCCTCTAGGCTTCTTTACCATGACTAAGTTGGAAATC
664	0	CTATGTTGAAGATTTCCGCTAGGGTTTTTTGTGATGCTAGG
665	0	CTGTGGTGAACTCGAATGTTAGCGTTTCTTTCTTTGAGTGT
666	0	GTGACCGCTGTCCTCGTGCTATTTGCACCACTTACCCGTAT
667	0	GTTGAGCGGAACAACCGGGTAGCACAGCTAGAGCAAGACAT
668	0	AATTTGTGTTTGGTTTTGTCAATTTTTTGGGTTTTCGATTT
669	0	TTGTTTTGGTAGTTTCTGGGAAATTGTTGTTGATGTTCTTG
670	0	GACAGTAAGCCTAAGGGGCGATTATAATGGAGAGGTACCGA
671	0	TGGAAGCTATAGTAAAAAAGACATTGAAAGACAATGTGAAG
672	0	TGCGTTACTTACCCTCTCCCACTTGTGTGAGAGAGGTACGT
673	0	CTTGAGGAAGGAGGTGGCTGATGAACAGGCTTGGGCCTGCA
674	0	CTGTGATGATGGTATGGGGGACGCCGTACTGGCAATAGATG
675	0	CTAAGGGGCGATTATAATGGAGAGGTACCGAGGATGCAAGT
676	0	GCGGGACCTGGAGCGGAATGAACTAGTCTCCCAGCTTGAGC
677	0	TGAGTGCTTCATACTCCGCCATGTTATTTGAGGCTGTGAAG
678	0	AGGCGAGACATTGTTTGAGCAGGGTTGTGGCGAGAGATTGG
679	0	CTAGCTCGCGGAGCGGAAAAAGAAAAAGAATCTCTCTATTA
680	0	ATTGCCGTGTACCGTTCGTTATTCAACACTCCGCCCAGCAT
681	0	GGAGACCATCGGGTCTCGCCAACAGAAGAGGGCACGACAAG
682	0	CAATGTCCCCCTGGCCGTCGACCTTTTGCGTTGCAACCAAA
683	0	GAAAGCCCCCCACCAGAGGCATGCCCTACTAAACTTCCGAA
684	0	GCTTGTATACGTGAAGTGCCAGGGTTGCAGCGGACAAGTTA
685	0	TGAATAACCAAATAACCAGTATAGTATCCCAATCAGTAGCA
686	0	GACGACCTCTACAATTTGGTATGGTCCTTCCCAAGTGGGCC
687	0	TGTGATCGAGTTAGAGAGGCAACTCGGGCAGTTGTAGAGAG
688	0	AATCCCCATTCGTTGAATGTATTAATTGTGCTTTGTCTTTT
689	0	AGACGGTGACGGTGGCCGTTACTGGGGAGGTGCTGACGAGC
690	0	TGTATATCTCTTTGTTCTTGATCCTTCTCCTCTTTCTGAAA
691	0	ACTCTGAACGTGTTTCTTCCATTATGGAGCCTTCATGTTGA
692	0	AATAACCAGTATAGTATCCCAATCAGTAGCAACAGACGAGG
693	0	CACAAAAAGGGACCCTACTAAGGGCGGGAGAGAGAAGAATA
694	0	GTGAACATTGCATACCGCTGAGACGATTCCGCCTGCTTGTT
695	0	TGGCCCATAGAATTTCCGGCAGTTTCTCAGCCCATAATCCC
696	0	TAGTGTCCTCCAAGCTAGAGAAGGATCAAGAGAAGAAACTT
697	0	CCAATAAACACAACTCTCTCATACGATCTCATAATCAAGCG
698	0	CAAGCCACAACAAAAAAAGAAGTACAAGAAGAAGAACAATG
699	0	TGGAGGGGTAGCCCTTGCCTAGTTGGAGGCCTTTGGCAGAA
700	0	GTGAGCCACTTATTTCTCCGAATCTATTCGCAAAACGTTTA
701	0	GTGCATCTTGATTTGGTTGTAGTCGGAGAAAGCGTCCATCA
702	0	TGTTCTTGGCATGGAACACTATTTCCTGCAGATTTCTATAT
703	0	ATAGAGGAAACTCGGCGGTGAGAGGCCGAGGAAGCCCTTCG
704	0	GTCCCCGCTATCTGTCAAGTAAAATACAGAGGGCGTCAGAG
705	0	ACAAAATGTTTCAAGTACATATTAGTTCAAAATACTGTCAC
706	0	CGTCCAACCCGCAACGGTTGACGGTGAAAATGTTGTCGCCA
707	0	TCGCCGTCCCTAGGGTCTTCAATTGCATTTGTCAGCGGCAC
708	0	ACAAATTTTTAGGCATCTTGATAATAGATGTAGGGTATTAC
709	0	AGAAAAATCAAGACTTTGTCATGAGAAAATCAAGCAAATTT
710	0	GGCCCCCTAGGGAGTCCCCTACTTCCCGGCTAAGAATGACC
711	0	GGATGTCGCTGTCGACCGGGATGTTGAGCGGAACAACCGGG
712	0	ATCGGCATAAATGTTCTTCTATAAGAAGTTGATCACTTTGG
713	0	GTGGCTCATTGTAGCTAATTATGCTTAGGCAAATGCGCATG
714	0	GCGTGTGGCAGTTGTTTGGGATTACTATACAGCGTGCCGTT
715	0	TTGGGCTGGCATGCAGGCGCACGTCTTCTCAGCACGTGTAT
716	0	TCACCCCCAGATCACCGTGGACGCGCCGTGCCAAGTTAGCA
717	0	CGAGCTTCAAAATTATCTGGAGGGCATGTACGCCGTTGGTT
718	0	ACAGCCTCGGGTTGAGCGGGAGCTTAGGGAGGAGGTGAAGG
719	0	ATTGAAGACGAGAGTGAGGTACAACAAGGCCATTTCTGTCC
720	0	CAGATACTTCAAAACCAGTAATGGACTTCATTGCAGTGGCA
721	0	TATAGAGTGAGCTTTAAAGTAAGGCTACAGAAGACAGGAAA
722	0	TGCCTGTCTCAGCCCGGATCAACTTCTGCTCCAGTTGTTGC
723	0	CCAGCAGAAACATTGACGCCATCTATGAATCAATCAAGACC
724	0	TTGCTTCCGCTATTTTTCAAATAAAATACAAAGGGCGTCAG
725	0	GTTTTTGCATATGCTGGCCTAATGGCTTGTAGGATTCTGGC
726	0	GAGAGGCAACTTCTAGAGCGAGATGCTGAGTTGGAGCTTTG
727	0	CAGGGCGTGACATTCCCGCTATTACCCAACCTCCAAATCCT
728	0	CGTTTAACAGAGCCATGGATAATGCCGAGCTTCAAAATTAT
729	0	AAATGAATAACAATATTTTTATGTATTAGAACTTGTCATTT
730	0	CCTCAGTTCCGAACATCATGAAGAACGGTGTTTCACCAGTG
731	0	GCACTTCAAACCTAAATCGTAGTCTTCAAGCTTTGCTCTCT
732	0	GACGTTGCTGAGGGGGATGTAGAGTCGGCCTGGGTCCTCCG
733	0	CTTTCACTTCACCAACAACTAAAAAAAAAGGCACGATAAAA
734	0	GGGTGTTGGGTAGCGAACCCAATCTTTGATACCCAATTGGC
735	0	GCTTAGTGAGCTTAGCAATGAAGTCTGCCACCGCTTGGCCC
736	0	TTGCCAGTTAACGTTGTGTTATGGAGAACAATGGTTTGAAT
737	0	CACTTGCAAGATAGAAAGGGAGAAGTTCCGCTAGAGGAGTT
738	0	GTTTAGCTCGGCCTTCGGGCACTTGTCAGTCGGGCTGCACG
739	0	CGATGCCTTGTAGCTTGGCGACTTCTTCCCCTATTGCACGA
740	0	TTGAACAATTTAAAATGCGTAGACTTAAAATCCAAATAAAA
741	0	CTGGGTCGAGCTGAGCGCCGATGCGGACTATTCTCTCAGGG
742	0	GAAAAGAGGTGAAAAAGAGCAGAAACGAGCATAAATTACGG
743	0	TCAACCAAGGATTTATTCTGAGCAAATGCTTTATACCCTTT
744	0	TAGCCAACCCCCAATGCACCAACCCCAGAATTGCCGTGTAC
745	0	TGGGGGAAACCTCTTCCCCTATCAAGAGTATATAAGTCAAC
746	0	GCGTTGTCAACCATGGACTTAATGAGCAAATGCTTTATACC
747	0	CTTGATCTGATTGTAACCGGAGAAGACATCCATCATGCTGA
748	0	AGCTTAGTTACGCGTGTGGCAGTTGTTTGGGATTACTATAC
749	0	TGGGTCGTGGGGCTGCCGGCAGGAGTAGGGTCCCTGCCACA
750	0	TGTCACGTAGAAACTGGGTGAGTTCAGCCGCTACCTCTGGG
751	0	ACACTTCTATGAGTTGGTGTACGTGAAGCGCCAAGGATGCA
752	0	TGCCTCACAGTCCGAGTTCCAATCGATGACCTTCTTGTGGG
753	0	GCTGATATGTCAGCGTTTACAAAAAGCGGGGTTGTACCTGT
754	0	CAATGTATTTGTGTTGACAAAATAACAACAGGTAAGTATTA
755	0	TAGCAGTATAGGCCTTTGTCAATGGTGAAGGAGGTGCACTC
756	0	CAGCTCGGATGGGTTCAGCGAAACCTACATCTATATGACTG
757	0	ATTTCTTTCATATCATTTTCAATTCAAATGGACCCCTCTTT
758	0	AGCGTAGTCCCCAATTCTGGAAACAAATAAGAGGGACTTAG
759	0	TGTTTTTGGTTAATCTTGGCAATTATTGAATGTTGGCAATA
760	0	TCATGGCTTTGAAGAATGGGAGACATCTGTTAGTGAGCTTG
761	0	GTTAATGTGTGATGCCTCAGATTATGTTGTGGGGGCTGTGC
762	0	ATAGTGTCGCCCTCATGCTTAGCCTGGTGGCGATTCTCTTG
763	0	AGATGCATTTCAAGAGGGGGAAGGATCTGCCTTTCATGTAT
764	0	GGGCTTGGAAGTATTGGCGGAGATGTCTAGCGACGACGATG
765	0	AAAGAACTTATAGTTATTCCACAAAAAGGGACCCTACTAAG
766	0	GGTCCTGTTAGGATAACTCCAGCGCCGCTGGCCTTGGCGCA
767	0	CGCCCTTTGTATTTTACTTGACAGGTGATGCCAGTGCTGCT
768	0	GGTTTGTTGGTTGGGGGTTGACGGACTGGTCCGCTTGCTCT
769	0	TCTTCCATTATGGAGCCTTCATGTTGAGGATGGCTTGTACC
770	0	GCCGTTTGATTGCAATAGGCAACACAAGGGTTGGCAAGAGA
771	0	AGAAAGGGAGAAGTGCCGCTAGCGGAGACTATCTCGCTTGC
772	0	CTGATTTTCCTATTTTAATGAGAGTCCATCCCATTGAAAAC
773	0	TAACCGTGCCACAGTCATTGAATAGCATTCTCGTGCTAGCT
774	0	GAGAGCCTCTGCCTCTACCTATTTTGTATTGTAGTCCACAG
775	0	TGAAGGTATCCATATGGATGAAAGGATCAGTGAGGTCGCTG
776	0	CCGAAGCTAATTGAAAATTTAAAGGATTCCATGTCGCCTTG
777	0	GTTGAGTGAATCCATGGGCCAATGATGATCGACAGTGGTTC
778	0	ACTGGGTGAGTTCAGCCGCTACCTCTGGGTCGAGCTGAGCG
779	0	GTCACTTTCACCCTCCAACGATGAAGGTAGTCCCAAATGAG
780	0	GTCTGATAGAGCAGAAGCGCATCCTAAGGGTGCTAGGCAAA
781	0	CTGGCACCTGAGTGGTTTCCACATTCGTCGGCGTGTATCAT
782	0	TTCCCGTATGAGCATTCGGTACATGTATTAGTCCGTGGAAG
783	0	GCAGAAAGAGAAGGGCAAGGATAGGGGGAGAGAGAGAGAGA
784	0	ACTCCTAATACAAAATTGGTATTTTGCCAAGTGTGGATGTG
785	0	AGTAGAACTGCATGTTGACCAAATTAAGGGGGCGAGGAGGG
786	0	GCAGCTTACCGTAGTCTGTGATACCGCTAGGTATATGTATA
787	0	CTCCGCTGAGCGTCAGCGGTAAGAAGTGTCGTGGGGACCTT
788	0	TTGAAAATTTAAAGGATTCCATGTCGCCTTGGCAGGGGACC
789	0	GATTAACTTGATGTAGACATAAAATGGGGGGAAATCTGTAG
790	0	AGAATCGTAAATTAAGGCGTAGCTCTCTCTCTCTCTCTCTC
791	0	AAGGAATTAAAATTGTTCCGAGAGCACGATGTAGCGGACGT
792	0	ATGTTGGTGATAGGAGCACCACCGTCGATGGTGTTGATACA
793	0	AAGAGTTTGCGAGTGATAGCACTTATAAAGCTATATCAACA
794	0	AAGTGTGACGTTTTTAATATATATTTTCCCTCATTTGGCTA
795	0	TGCCGACTTCCTGGCGGCTCACACAAGGGCTGATGGCACCA
796	0	ACACACAACGGACACAAACAAAAGAAACAAGAAAAGGGCCA
797	0	GAACATCTGGGGGCGAGGTGACTAACGCATCCATCGAGACC
798	0	ATGCTCTAACAGAGGCGGCGAAAGCTGGTGCCGCTGCCAGC
799	0	ACACCTAAGGGTGCTTTTCCAAGGCAGAGTTGGAATTGGTG
800	0	ACTCGGAGACATTGGCGGTGAGCCAGTCCGAGACGCCGGTG
801	0	TCAAGGCCCCACGTTGAGTGAATCCATGGGCCAATGATGAT
802	0	TGATTTTGTACGCCTCGGTTAATCCGGAGAGTAAGTGCGCT
803	0	TATCTCGCTTGCAAGATGGAAAGGGAGAAGTTTCACTGGCG
804	0	CAAGGGGTCACGTTTCCGCTACTGCCGAACCTTCAGATTCT
805	0	TGATGCTTAACTTGTGCGTGATGATTTTAGGGGAGATGCCT
806	0	AAAAATATTTGTGTTGCCTGAGTGCTAGTATACCGCTAGAG
807	0	CTCCTAGTCCCCCCCATGCGAGAATCTCTCTACAAATGCCA
808	0	GCCGGACTTTGGTGTGGTTGAACGGTTGCCAGTCTTGCCAA
809	0	GTTCGTCTTGACGTTTATTGAGCTCGGCGATGAAGTCGGCT
810	0	TTCTGTTGGAGGCCGCCGCCAAGTCAGCGAAGTTAAAGCGG
811	0	TATCAGGGTTATCGTGTGGGAGGCGAGACATTGTTTGAGCA
812	0	TCGATCAAGAATGGATCATCATTGGGGAGATGTACTCCTGG
813	0	GGGGGTGAGCCACAGATGCAAAGCTCATCTTGGTCCCTAGA
814	0	GGTTGCCGACCCGGAGGTGCAAGCGAGCGGGTTGGACTCGT
815	0	AACCCTAAACCCCAATAAACACAACTCTCTCATACGATCTC
816	0	CGTCCTGTCCCTCTCTTCGTATGATTGCACATCTGACCGCT
817	0	GTATTGGATTTGCGTGCGCGATAACGTCTCTTCAGCACGCC
818	0	AAACCTCTCGGTTGCGCTGCACGAACTGTTCCAGGCGGGGT
819	0	AACCTCTTTCATCAAGGTACACTCCTCCTTTGTCAGTTCCC
820	0	TAAACCCTAAACCTAAACCTAAACCCTAAACCTAAACCTAA
821	0	AAGTACAAGACTGCCATTGGATGGACTTTGGCAGATATCAA
822	0	GCGGACCCATCCTCCTACTCAGTCCGAGGTCTCCCGCGTTG
823	0	ATAAGCGATTTGTCACTTCTAAGCTATTGGCAGTTAGACTG
824	0	TACTCGCTTTTTGCGCCTTTAGCCAGGAAATTTCTTTTGCC
825	0	TGACTGTACGAATGTGTTGTATTCTTGTTTTGGTAGTTTCT
826	0	AAATCCACTGAGGGTAATTTACCTGGCGGATGAATCCAATG
827	0	GGCCAGAGATCTGGCACCTGAGTGGTTTCCACATTCGTCGG
828	0	TGGTGCCCAAGTTAGCGGTGAAAGATATGAGTTCCTTGTTG
829	0	ATATACCTAAGACAGATGGTAGAGATCGGGCAGTGCTGGGA
830	0	CTGCCGCCAAGTACTCCTTTAAGCTTTGGAATGCTGCCTCA
831	0	TGAAGGTGAGAAGTTCCGCTAGTGGTGTTGCTCTTTGCGGA
832	0	CCGTCAAGATGACCCCGGCGACACAGGCCTTGGCGCAGGCG
833	0	AAGAATGGGAGACATCTGTTAGTGAGCTTGGAGATGAAACG
834	0	GAGTTTATTTTTGCTTGCTTAATTGTTGTACTGACCACTTG
835	0	AGTAGAGAGTGTCGGGGTTGACGACCTCTACAATTTGGTAT
836	0	CGGGTGGGAGCTGTTGGTCGATCAACAGTTGACACGAGCCT
837	0	GCCATTGGATGGACTTTGGCAGATATCAAGGGCATCAGCCC
838	0	AGTGAGGTTCCTTTGCCTGGAAATAGCCGCCAACCAGGTTC
839	0	TGTGATTACTTATAATGACCATACTAACCTATAAAATATCA
840	0	GTGAAATCCTTAGATAAGCGATTTGTCACTTCTAAGCTATT
841	0	AGGAAGCTATCCCAGTCAGTAGAGGTTGAAGCTTACGAATC
842	0	AAAGATGACATTGACAGCGGATCCGCTGTCAATGAGGACTC
843	0	GATGGCACTCAACTCGCTATAGCACCTGAGTGGTTGCGAGG
844	0	CCAGCTGATCAATGCGGGGTAGTGGGAAACTATCCTTGGGG
845	0	CCTTTCATAGCGGATGTTGCAAACTTCTTTGAGGTGGTTGG
846	0	GGGTTTTTTGACCATGACCAAGTTGGAAATCCACTGAGGGT
847	0	ACAAAAAAAGAAGTACAAGAAGAAGAACAATGTCGCCAGCC
848	0	GACAAGCTGAGAGTCGCTGAATATATTGACGCTGTCAGCTC
849	0	TGCTAAACTCCCTCTGGTGGATGTTCGGCTGCGAAGGTCCG
850	0	CCGAGATGCCGCTGCCCTCCAGCTAGTGACAAATGCCTTCA
851	0	CCGGGTCTGATGTGTCGCTCAACGTGGCGGATAGGGTGTTT
852	0	TTTCCTCTTTCATTTTAGGAAATATTTCCTATTTTGTTTTA
853	0	CCCAGCTTCTGAAGCTACTGACGCCAACTTGACGTGGTGCG
854	0	TATTACCATTGCGGGTTTGGAGCCTCAGGACCCGCCGAGGC
855	0	ACGGTACCTTTATAACGCGAAGTCCTACTGCCCGTGGGTCC
856	0	TCCTCCTGGGGAGGTAGCGTAGTCCCCAATTCTGGAAACAA
857	0	GTGCCGGGAAGTAGAACTGCATGTTGACCAAATTAAGGGGG
858	0	GGCGGCTCACACAAGGGCTGATGGCACCATAGTGACGCTGA
859	0	TGATGCGCAAGGAGCAGTGCAGCGTGGCAAGGATTACCGGG
860	0	TTAAAATGCGTAGACTTAAAATCCAAATAAAAGCACCAACC
861	0	ACTGTCTCGCTTGCAAGATGAAGGTGAGAAGTTCCGCTAGT
862	0	AGAGCGAGATGCTGAGTTGGAGCTTTGCAATGTTGTGTTGC
863	0	AGGTACTTTTATAGATAGAGAGGTGAGTCGAGGGTAGCCCC
864	0	AAGCTTTGGAATGCTGCCTCACAGTCCGAGTTCCAATCGAT
865	0	CGGCGCAGATACAATGTTGGAGATCGGGCAATGATAAGGTA
866	0	GTAGTTGAGATGATAGAGAAATGGTCCCTTCAGTAATCCTT
867	0	GACATTTAGGATTAAGTTGGAGTTCCAACCTATCCGAGGTT
868	0	AGAAACATTAGCTCAGTTTGAAAAGTCCAAAGAGCGCAGAC
869	0	AATTTGGATTTAATCTTAAAAAGGTGTGTTGAAACAAACTT
870	0	GAGCATTCAGAAATTCTCCGAAATTCCTACGAACCCATCGT
871	0	GTTCGCTGATGATGTAACCCAAAAATTTGCTAGTGGTGATG
872	0	TCGAAAACCAAATGGAGTTCACTCTCCTTTCCACATATAAA
873	0	TCTTTATATCCTCCTGGCGTACTCGCCAAGCGTGGGCCAGA
874	0	GAAGAATCCACATCAAATAAAGGAATTCGGTTTTTCTTTTC
875	0	TAACGCATCCATCGAGACCCATGGGTGAGGAGCAATGGATC
876	0	CGATTCCTTGAAGTAAAAACAAACATCTTCAAGTGCATACA
877	0	TATTTTCTCTGAATATATTGAAAAGATAATTGAGGTTTTTA
878	0	TCCTTCACTATTATGCTGTTAAATTAAATACACAACCCTGA
879	0	AAAATACAATATATTTATTCAAAAAAAAAAATACAATATAT
880	0	TTAGCTGCCAGCAATGTCCCAATAGATGAGTTTAGCTCTAT
881	0	GCGCCAAGGATGCAGTGGGCAAGTGAATCTGAGCCGCCGCC
882	0	TCGTGCTGGTGGTTGGCTGGATCATAAAAAGATGGTCCACG
883	0	ACAAGAAGGAGCTGCTCTTGATGTGAGATCAGCAGCAAAAG
884	0	ATTATTTTGCCAAGATGCTCAGCGAACATGGCGTTCATCAA
885	0	CGGATGTTGGGGTTGTCCTGATGGCCCAAAGAACTTTTGGG
886	0	CATGTAAGTACAAGTCCCCTAAGTCCCAAGTCAAGGAGGGC
887	0	CAGGTTCCCAATGAGTTGCGAGTCATTGAAGATCTGTAGAT
888	0	GAAACGAAACCAAATTGATCAAATCTTACCATCACGAAAAC
889	0	CTCTCTCATACGAACTCGGAATCAAGCGTGCCGCATGTCAA
890	0	TTTTAGCTACGGTTTTTGTGAAGCTTGGCTTGTCGAGGCAT
891	0	GGCATCTGATGACCCTGAACAAGAAGGAGCTGCTCTTGATG
892	0	TCCAAGCTTAGACCAGTGTTAACAAGGTTTGGCTATCGCCA
893	0	GGGATCGCGTGGCGGCCGCCACTGTGGAGGCGTTCAAGCAG
894	0	GGCGACACAGGCCTTGGCGCAGGCGGACCCGTCTACATGGA
895	0	TGTGTTGCCTGAGTGCTAGTATACCGCTAGAGCCTGACTTA
